type,content
headlines,mini-web-scrapper/scraping.py at main · Raj-Code3/mini-web-scrapper · GitHub
headlines,Navigation Menu
headlines,"Search code, repositories, users, issues, pull requests..."
headlines,Provide feedback
headlines,Saved searches
headlines,Use saved searches to filter your results more quickly
headlines,FilesExpand file tree
headlines,Breadcrumbs
headlines,scraping.py
headlines,Latest commit
headlines,History
headlines,Breadcrumbs
headlines,scraping.py
headlines,File metadata and controls
headlines,Footer
headlines,Footer navigation
paragraphs,"We read every piece of feedback, and take your input very seriously."
paragraphs,"To see all available qualifiers, see ourdocumentation."
